event_id,unit,event_ym,mw_before,mw_end,pct_window,n_steps,source,post_avg,pre_avg,weight
4,2,2015-01,7.75,9.84,0.2696774193548388,2,state,-0.09188333600672181,0.005293576415519363,0.0030835620543543
5,2,2024-01,10.85,13.0,0.1981566820276499,2,state,0.08322833222785961,0.006222563438836204,0.0033191557141277897
7,4,2017-01,8.05,12.0,0.4906832298136645,3,state,-0.02288973303778921,-0.046842251338263724,0.03506748872615853
9,5,2016-01,7.5,9.25,0.2333333333333334,3,state,-0.04641223602572244,0.05436240798747351,0.018210633159441197
12,6,2014-07,8.0,11.0,0.375,3,state,0.00822349235388006,0.019335484447435637,0.10231490238909746
14,8,2017-01,8.31,12.0,0.4440433212996388,4,state,-0.023438690584169974,0.01881137524542245,0.021189500626782362
16,9,2014-01,8.25,10.1,0.2242424242424241,3,state,0.03021072784980254,0.03217661187661966,0.01890994675288445
19,10,2014-06,7.25,8.25,0.1379310344827586,2,state,0.008980849638720916,-0.04460099983956367,0.004504585796180365
20,10,2019-01,8.25,10.5,0.2727272727272727,3,state,-0.006715714793310228,-0.020328576156534814,0.003049644986524929
23,11,2014-07,8.25,12.5,0.5151515151515151,4,state,0.018544428298056224,0.022346384096040076,0.001986243628587928
25,12,2021-10,8.56,13.0,0.5186915887850467,4,state,-0.021828511209452943,0.0024622686224524265,0.08150084143707345
27,15,2015-01,7.25,10.1,0.3931034482758619,4,state,0.017608437680144598,-0.051699202130918685,0.007283436235297283
28,15,2022-10,10.1,14.0,0.3861386138613862,2,state,-0.016493173389724565,-0.005447981049257242,0.005970377918054162
30,17,2020-01,8.25,13.0,0.5757575757575757,5,state,-0.030456432832669876,-0.04704429449032371,0.04942478970508667
36,23,2017-01,7.5,12.0,0.6000000000000001,4,state,-0.12282986501323068,-0.1656253015804512,0.004103383931714274
38,24,2015-01,7.25,10.1,0.3931034482758619,4,state,0.01263779758261327,0.03143224850919603,0.0194190424382972
41,25,2015-01,8.0,11.0,0.375,3,state,0.014015577336430315,-0.02415563827285193,0.035667827735259394
43,26,2014-09,7.4,9.25,0.25,1,state,0.0029897176974611195,-0.027411159378188985,0.043067860625225066
46,27,2014-08,7.25,9.65,0.3310344827586207,3,state,0.07423726955914645,0.020335390663462183,0.020267916038835595
48,29,2019-01,7.85,11.15,0.4203821656050956,4,state,-0.025548083079718162,-0.007042143183790137,0.029125074668167765
51,30,2022-01,8.75,10.55,0.2057142857142857,2,state,-0.11269483887446262,-0.12140866022064245,0.004159802264136798
52,31,2015-01,7.25,9.0,0.2413793103448276,2,state,-0.10515264711277661,-0.07363736391066916,0.009497826537327047
53,31,2023-01,9.0,13.5,0.5,3,state,-0.001907647142524264,-0.07151809490546189,0.00987558560347484
55,32,2020-07,8.25,11.25,0.3636363636363635,4,state,-0.03355581501268597,-0.008558700927924122,0.012374653964958552
57,34,2014-01,7.25,8.44,0.1641379310344826,1,state,-0.006947629805485585,0.09890627766563256,0.048696327805531237
58,34,2019-07,8.85,14.0,0.5819209039548023,5,state,0.018835930304635366,-0.019107128438525536,0.03672942360734638
59,35,2020-01,7.5,12.0,0.6000000000000001,3,state,0.041429754710612235,0.04197568719729926,0.004339892237568134
61,36,2014-01,7.25,9.7,0.3379310344827586,3,state,0.02177418730951055,0.06161665694882669,0.02995286451746186
64,39,2022-01,8.8,10.7,0.2159090909090908,2,state,-0.02750504194112409,0.03964762929204041,0.052290618338645845
68,41,2016-07,9.25,11.25,0.2162162162162162,2,state,0.029113035895625368,0.007965506999266167,0.014605350106331214
72,44,2015-01,8.0,10.1,0.2624999999999999,3,state,0.03808073293569162,0.06434291937855255,0.0049395725448151285
73,46,2015-01,7.25,8.85,0.2206896551724138,1,state,-0.07454608316103009,0.0410673946734077,0.0040542116363201175
74,46,2022-01,9.45,11.5,0.2169312169312169,2,state,0.02643694400426619,0.05452038118137589,0.004486514041649469
76,50,2018-01,10.0,11.75,0.175,2,state,0.041366979837997475,0.1021247642375593,0.002751944942541679
77,51,2021-05,7.25,13.5,0.8620689655172413,4,state,0.018177071709023822,-0.04596709960343627,0.03020449611935561
80,53,2017-01,9.47,13.5,0.4255543822597676,2,state,-0.059978354379494545,-0.025295864398235973,0.03183847139453879
82,54,2015-01,7.25,8.75,0.2068965517241379,2,state,-0.009578321732420882,0.028003334237582236,0.007724766415830549
90,6001,2014-07,8.0,13.23,0.65375,2,both,0.014974888281170256,-0.016294961587501378,0.008817957991248212
96,6037,2014-07,8.0,12.0,0.5,4,both,-0.044842623730162054,-0.03097230726771528,0.049254055720243266
102,6073,2014-07,8.0,11.5,0.4375,4,both,0.01900981657548803,0.08984005388331907,0.010802897737643771
104,6075,2015-05,11.05,15.0,0.3574660633484161,4,local,-0.12467284524895053,0.030715510051841866,0.0020915679834056264
107,6081,2014-07,8.0,13.5,0.6875,4,both,0.08007847035371411,0.03501448952908726,0.0005710341501094381
110,6085,2013-04,8.0,10.5,0.3125,1,local,-0.07535838978732043,-0.02776671171745168,0.006696041790375088
111,6085,2017-07,10.5,15.45,0.4714285714285713,3,local,-0.03335968005488957,0.0071374986817124494,0.0054743303102945205
114,6097,2014-07,8.0,11.0,0.375,3,both,0.024592397638313883,-0.18760324248136995,0.0014697143317683296
116,8031,2017-01,8.31,12.85,0.5463297232250299,4,both,0.13660863623032404,-0.051440562160625466,0.002893009600226592
118,17031,2015-07,8.25,12.0,0.4545454545454546,3,local,-0.0040809920944529544,0.005178011698597818,0.008367056735627884
134,23005,2016-01,7.5,11.0,0.4666666666666665,2,local,-0.15262447649788882,-0.13085310752889515,0.0010340667674434744
136,24031,2014-10,7.25,12.25,0.6896551724137931,5,local,-0.1339093772783712,,0.001318103531209391
138,24033,2014-10,7.25,11.5,0.5862068965517242,4,local,-0.14775232012033257,-0.051169622812136856,0.0045052596994777285
140,27053,2014-08,7.25,11.25,0.5517241379310345,5,both,-0.17658010152438292,-0.16947523524989783,0.001707294862715899
142,27123,2014-08,7.25,9.65,0.3310344827586207,3,both,-0.12481046992459302,-0.07201397742547531,0.0026435355068094124
143,27123,2020-01,9.86,15.0,0.5212981744421907,2,local,0.1738725735079955,0.0826410370455582,0.001406805185274935
145,35001,2013-01,7.5,8.75,0.1666666666666667,1,local,-0.05379638291017088,-0.15939733914535176,0.003966722145650834
146,35001,2021-01,9.35,11.5,0.2299465240641711,2,both,0.09212480325070532,0.10022799848805655,0.002970600966354027
147,35013,2015-01,7.5,9.2,0.2266666666666665,2,local,-0.16891594163987195,-0.07855570867956704,0.0012773144404974888
148,35013,2023-01,10.5,11.5,0.0952380952380953,1,local,-0.2169313336866212,-0.0984169326049588,0.0009074303318890585
151,35049,2022-03,12.32,12.95,0.0511363636363635,1,local,0.1810285205948725,0.08939620552773136,0.0004322880541112539
153,36005,2014-01,7.25,11.0,0.5172413793103448,3,both,0.07056655879338261,0.03401157106870969,0.005410935136858839
155,36047,2014-01,7.25,11.0,0.5172413793103448,3,both,0.00729359746816066,-0.011322258608975368,0.011520947920821806
157,36059,2014-01,7.25,10.0,0.3793103448275863,3,both,-0.05436488193792277,-0.013448704483590902,0.008401149055431305
159,36061,2014-01,7.25,11.0,0.5172413793103448,3,both,-0.08560596960007827,-0.13467256186423432,0.003719806802590988
161,36081,2014-01,7.25,11.0,0.5172413793103448,3,both,0.03157594239098439,0.02409678224258043,0.00920866323113929
163,36085,2014-01,7.25,11.0,0.5172413793103448,3,both,0.004201778236777457,0.24387601753559163,0.002021275022326508
165,36103,2014-01,7.25,10.0,0.3793103448275863,3,both,-0.21536500460339936,-0.030678748654541427,0.00850824766057756
167,36119,2014-01,7.25,10.0,0.3793103448275863,3,both,-0.3173244849727457,-0.26122593335745187,0.004512623105722456
227,41051,2016-07,9.25,12.5,0.3513513513513513,3,both,0.046600125195215544,-0.025115842047933552,0.0032050645094806834
254,53033,2015-04,9.47,16.0,0.6895459345300949,3,local,-0.08033173643706862,-0.024577471715030698,0.005407621556406773
255,53033,2021-01,15.75,17.27,0.0965079365079364,1,local,-0.006091255480753829,0.09724722201894,0.001997531176791077
258,53053,2016-02,9.47,12.35,0.3041182682154169,3,local,0.17092300243472341,0.10035078213108689,0.0014905103344932014
